{"cameraMode":{"drawMode":0,"name":"Shaded","section":"Shading Mode"},"sceneLighting":true,"audioPlay":false,"sceneViewState":{"m_AlwaysRefresh":false,"showFog":true,"showSkybox":true,"showFlares":true,"showImageEffects":true,"showParticleSystems":true,"showVisualEffectGraphs":true,"m_FxEnabled":true},"in2DMode":false,"pivot":{"x":-1.2212412357330323,"y":1.6154918670654297,"z":1.401646375656128},"rotation":{"x":0.038690634071826938,"y":0.8257344365119934,"z":-0.057065289467573169,"w":0.5598334670066834},"size":1.1257100105285645,"orthographic":false}