{"cameraMode":{"drawMode":0,"name":"Shaded","section":"Shading Mode"},"sceneLighting":true,"audioPlay":false,"sceneViewState":{"m_AlwaysRefresh":false,"showFog":true,"showSkybox":true,"showFlares":true,"showImageEffects":true,"showParticleSystems":true,"showVisualEffectGraphs":true,"m_FxEnabled":true},"in2DMode":false,"pivot":{"x":-1.9012460708618165,"y":1.3625370264053345,"z":-8.263229370117188},"rotation":{"x":-0.024301962926983835,"y":-0.020080305635929109,"z":0.0004903998342342675,"w":-0.9995079040527344},"size":1.9549652338027955,"orthographic":false}